Date,Open,High,Low,Close,Adj Close,Volume
4/1/2021,0.935,0.953,0.907,0.917,0.917,0
5/1/2021,0.937,0.963,0.927,0.955,0.955,0
6/1/2021,1,1.054,1,1.042,1.042,0
7/1/2021,1.056,1.088,1.054,1.071,1.071,0
8/1/2021,1.088,1.126,1.075,1.105,1.105,0
10/1/2021,null,null,null,null,null,null
11/1/2021,1.115,1.138,1.1,1.132,1.132,0
12/1/2021,1.165,1.187,1.131,1.138,1.138,0
13/1/2021,1.129,1.133,1.073,1.088,1.088,0
14/1/2021,1.105,1.133,1.087,1.129,1.129,0
15/1/2021,1.104,1.119,1.085,1.097,1.097,0
17/1/2021,null,null,null,null,null,null
19/1/2021,1.113,1.118,1.089,1.092,1.092,0
20/1/2021,1.106,1.106,1.087,1.09,1.09,0
21/1/2021,1.102,1.123,1.096,1.109,1.109,0
22/1/2021,1.087,1.101,1.082,1.091,1.091,0
24/1/2021,null,null,null,null,null,null
25/1/2021,1.067,1.07,1.035,1.04,1.04,0
26/1/2021,1.048,1.05,1.033,1.04,1.04,0
27/1/2021,1.023,1.023,1.001,1.014,1.014,0
28/1/2021,1.008,1.07,1.008,1.057,1.057,0
29/1/2021,1.084,1.105,1.066,1.093,1.093,0
31/1/2021,null,null,null,null,null,null
1/2/2021,1.079,1.088,1.06,1.077,1.077,0
2/2/2021,1.11,1.117,1.096,1.105,1.105,0
3/2/2021,1.124,1.132,1.113,1.131,1.131,0
4/2/2021,1.146,1.162,1.136,1.139,1.139,0
5/2/2021,1.172,1.188,1.136,1.17,1.17,0
7/2/2021,null,null,null,null,null,null
8/2/2021,1.191,1.193,1.15,1.16,1.16,0
9/2/2021,1.15,1.159,1.14,1.157,1.157,0
10/2/2021,1.174,1.176,1.131,1.133,1.133,0
11/2/2021,1.152,1.165,1.138,1.158,1.158,0
12/2/2021,1.183,1.202,1.178,1.2,1.2,0
14/2/2021,null,null,null,null,null,null
16/2/2021,1.245,1.301,1.245,1.299,1.299,0
17/2/2021,1.314,1.331,1.269,1.301,1.301,0
18/2/2021,1.301,1.318,1.277,1.287,1.287,0
19/2/2021,1.313,1.362,1.308,1.345,1.345,0
21/2/2021,null,null,null,null,null,null
22/2/2021,1.359,1.37,1.326,1.37,1.37,0
23/2/2021,1.359,1.389,1.342,1.362,1.362,0
24/2/2021,1.396,1.435,1.369,1.389,1.389,0
25/2/2021,1.456,1.614,1.432,1.518,1.518,0
26/2/2021,1.47,1.519,1.439,1.46,1.46,0
28/2/2021,null,null,null,null,null,null
1/3/2021,1.451,1.46,1.407,1.446,1.446,0
2/3/2021,1.446,1.451,1.403,1.415,1.415,0
3/3/2021,1.465,1.498,1.455,1.47,1.47,0
4/3/2021,1.469,1.555,1.458,1.55,1.55,0
5/3/2021,1.577,1.626,1.54,1.554,1.554,0
7/3/2021,null,null,null,null,null,null
8/3/2021,1.592,1.606,1.577,1.596,1.596,0
9/3/2021,1.544,1.563,1.528,1.546,1.546,0
10/3/2021,1.561,1.563,1.506,1.52,1.52,0
11/3/2021,1.497,1.547,1.497,1.527,1.527,0
12/3/2021,1.591,1.642,1.584,1.635,1.635,0
14/3/2021,null,null,null,null,null,null
15/3/2021,1.627,1.627,1.595,1.607,1.607,0
16/3/2021,1.593,1.629,1.585,1.621,1.621,0
17/3/2021,1.662,1.689,1.632,1.641,1.641,0
18/3/2021,1.73,1.754,1.724,1.73,1.73,0
19/3/2021,1.689,1.75,1.682,1.732,1.732,0
21/3/2021,null,null,null,null,null,null
22/3/2021,1.698,1.702,1.675,1.684,1.684,0
23/3/2021,1.649,1.665,1.638,1.638,1.638,0
24/3/2021,1.628,1.651,1.612,1.614,1.614,0
25/3/2021,1.602,1.642,1.591,1.614,1.614,0
26/3/2021,1.672,1.676,1.634,1.66,1.66,0
28/3/2021,null,null,null,null,null,null
29/3/2021,1.646,1.728,1.641,1.721,1.721,0
30/3/2021,1.751,1.765,1.717,1.726,1.726,0
31/3/2021,1.719,1.751,1.708,1.746,1.746,0
1/4/2021,1.705,1.707,1.672,1.679,1.679,0
4/4/2021,null,null,null,null,null,null
5/4/2021,1.743,1.745,1.704,1.72,1.72,0
6/4/2021,1.695,1.695,1.653,1.656,1.656,0
7/4/2021,1.66,1.67,1.635,1.653,1.653,0
8/4/2021,1.662,1.662,1.628,1.632,1.632,0
9/4/2021,1.669,1.687,1.637,1.666,1.666,0
11/4/2021,null,null,null,null,null,null
12/4/2021,1.675,1.685,1.664,1.675,1.675,0
13/4/2021,1.68,1.696,1.622,1.623,1.623,0
14/4/2021,1.631,1.65,1.629,1.638,1.638,0
15/4/2021,1.611,1.618,1.529,1.53,1.53,0
16/4/2021,1.564,1.598,1.564,1.573,1.573,0
18/4/2021,null,null,null,null,null,null
19/4/2021,1.587,1.615,1.58,1.601,1.601,0
20/4/2021,1.594,1.612,1.557,1.562,1.562,0
21/4/2021,1.568,1.584,1.554,1.564,1.564,0
22/4/2021,1.577,1.587,1.543,1.554,1.554,0
23/4/2021,1.544,1.581,1.531,1.567,1.567,0
25/4/2021,null,null,null,null,null,null
26/4/2021,1.595,1.595,1.556,1.57,1.57,0
27/4/2021,1.581,1.627,1.57,1.622,1.622,0
28/4/2021,1.638,1.659,1.613,1.62,1.62,0
29/4/2021,1.665,1.688,1.64,1.64,1.64,0
30/4/2021,1.642,1.653,1.622,1.631,1.631,0
2/5/2021,null,null,null,null,null,null
3/5/2021,1.651,1.651,1.578,1.607,1.607,0
4/5/2021,1.603,1.603,1.557,1.592,1.592,0
5/5/2021,1.607,1.626,1.582,1.584,1.584,0
6/5/2021,1.577,1.591,1.557,1.561,1.561,0
7/5/2021,1.57,1.584,1.471,1.577,1.577,0
9/5/2021,null,null,null,null,null,null
10/5/2021,1.577,1.607,1.56,1.602,1.602,0
11/5/2021,1.604,1.631,1.602,1.624,1.624,0
12/5/2021,1.617,1.695,1.617,1.695,1.695,0
13/5/2021,1.69,1.7,1.657,1.668,1.668,0
14/5/2021,1.639,1.651,1.625,1.635,1.635,0
16/5/2021,null,null,null,null,null,null
17/5/2021,1.635,1.647,1.628,1.64,1.64,0
18/5/2021,1.639,1.657,1.628,1.642,1.642,0
19/5/2021,1.656,1.692,1.62,1.683,1.683,0
20/5/2021,1.664,1.666,1.627,1.634,1.634,0
21/5/2021,1.622,1.639,1.613,1.632,1.632,0
23/5/2021,null,null,null,null,null,null
24/5/2021,1.611,1.622,1.598,1.608,1.608,0
25/5/2021,1.591,1.6,1.562,1.564,1.564,0
26/5/2021,1.56,1.583,1.552,1.574,1.574,0
27/5/2021,1.611,1.625,1.605,1.61,1.61,0
28/5/2021,1.61,1.618,1.579,1.581,1.581,0
30/5/2021,null,null,null,null,null,null
1/6/2021,1.625,1.639,1.608,1.615,1.615,0
2/6/2021,1.605,1.606,1.588,1.591,1.591,0
3/6/2021,1.601,1.63,1.596,1.625,1.625,0
4/6/2021,1.627,1.635,1.557,1.56,1.56,0
6/6/2021,null,null,null,null,null,null
7/6/2021,1.581,1.582,1.564,1.569,1.569,0
8/6/2021,1.536,1.536,1.513,1.528,1.528,0
9/6/2021,1.503,1.508,1.472,1.489,1.489,0
10/6/2021,1.503,1.533,1.459,1.459,1.459,0
11/6/2021,1.452,1.472,1.45,1.462,1.462,0
13/6/2021,null,null,null,null,null,null
14/6/2021,1.464,1.502,1.459,1.501,1.501,0
15/6/2021,1.494,1.513,1.486,1.499,1.499,0
16/6/2021,1.489,1.594,1.484,1.569,1.569,0
17/6/2021,1.569,1.575,1.472,1.511,1.511,0
18/6/2021,1.507,1.521,1.438,1.45,1.45,0
20/6/2021,null,null,null,null,null,null
21/6/2021,1.452,1.492,1.452,1.484,1.484,0
22/6/2021,1.495,1.509,1.47,1.472,1.472,0
23/6/2021,1.468,1.499,1.465,1.487,1.487,0
24/6/2021,1.484,1.497,1.477,1.487,1.487,0
25/6/2021,1.487,1.545,1.478,1.536,1.536,0
27/6/2021,null,null,null,null,null,null
28/6/2021,1.509,1.512,1.471,1.478,1.478,0
29/6/2021,1.492,1.51,1.478,1.48,1.48,0
30/6/2021,1.453,1.466,1.438,1.443,1.443,0
1/7/2021,1.471,1.485,1.454,1.48,1.48,0
2/7/2021,1.444,1.468,1.426,1.431,1.431,0
4/7/2021,null,null,null,null,null,null
6/7/2021,1.424,1.427,1.352,1.37,1.37,0
7/7/2021,1.325,1.343,1.296,1.321,1.321,0
8/7/2021,1.281,1.306,1.268,1.288,1.288,0
9/7/2021,1.338,1.36,1.333,1.356,1.356,0
11/7/2021,null,null,null,null,null,null
12/7/2021,1.343,1.376,1.338,1.363,1.363,0
13/7/2021,1.351,1.42,1.343,1.415,1.415,0
14/7/2021,1.381,1.386,1.354,1.356,1.356,0
15/7/2021,1.329,1.349,1.292,1.297,1.297,0
16/7/2021,1.315,1.336,1.299,1.3,1.3,0
18/7/2021,null,null,null,null,null,null
19/7/2021,1.227,1.227,1.176,1.181,1.181,0
20/7/2021,1.18,1.224,1.128,1.209,1.209,0
21/7/2021,1.243,1.303,1.233,1.28,1.28,0
22/7/2021,1.287,1.295,1.233,1.265,1.265,0
23/7/2021,1.3,1.312,1.281,1.286,1.286,0
25/7/2021,null,null,null,null,null,null
26/7/2021,1.255,1.285,1.251,1.276,1.276,0
27/7/2021,1.253,1.254,1.229,1.234,1.234,0
28/7/2021,1.266,1.278,1.246,1.261,1.261,0
29/7/2021,1.264,1.284,1.244,1.269,1.269,0
30/7/2021,1.236,1.251,1.226,1.239,1.239,0
1/8/2021,null,null,null,null,null,null
2/8/2021,1.231,1.231,1.151,1.174,1.174,0
3/8/2021,1.177,1.181,1.154,1.176,1.176,0
4/8/2021,1.172,1.215,1.129,1.184,1.184,0
5/8/2021,1.182,1.227,1.179,1.217,1.217,0
6/8/2021,1.252,1.3,1.247,1.29,1.29,0
8/8/2021,null,null,null,null,null,null
9/8/2021,1.278,1.324,1.268,1.317,1.317,0
10/8/2021,1.32,1.349,1.312,1.342,1.342,0
11/8/2021,1.368,1.371,1.302,1.329,1.329,0
12/8/2021,1.357,1.379,1.351,1.367,1.367,0
13/8/2021,1.352,1.359,1.293,1.297,1.297,0
15/8/2021,null,null,null,null,null,null
16/8/2021,1.273,1.282,1.225,1.257,1.257,0
17/8/2021,1.227,1.272,1.223,1.258,1.258,0
18/8/2021,1.277,1.299,1.263,1.273,1.273,0
19/8/2021,1.237,1.257,1.232,1.242,1.242,0
20/8/2021,1.23,1.267,1.228,1.26,1.26,0
22/8/2021,null,null,null,null,null,null
23/8/2021,1.267,1.273,1.252,1.255,1.255,0
24/8/2021,1.263,1.292,1.26,1.29,1.29,0
25/8/2021,1.307,1.351,1.29,1.342,1.342,0
26/8/2021,1.361,1.375,1.341,1.342,1.342,0
27/8/2021,1.344,1.359,1.31,1.312,1.312,0
29/8/2021,null,null,null,null,null,null
30/8/2021,1.31,1.312,1.285,1.285,1.285,0
31/8/2021,1.292,1.314,1.27,1.304,1.304,0
1/9/2021,1.311,1.322,1.284,1.302,1.302,0
2/9/2021,1.287,1.304,1.285,1.294,1.294,0
3/9/2021,1.297,1.336,1.27,1.322,1.322,0
5/9/2021,null,null,null,null,null,null
7/9/2021,1.366,1.385,1.358,1.37,1.37,0
8/9/2021,1.348,1.363,1.327,1.334,1.334,0
9/9/2021,1.338,1.346,1.287,1.299,1.299,0
10/9/2021,1.319,1.355,1.317,1.341,1.341,0
12/9/2021,null,null,null,null,null,null
13/9/2021,1.338,1.338,1.316,1.324,1.324,0
14/9/2021,1.346,1.35,1.265,1.277,1.277,0
15/9/2021,1.274,1.319,1.26,1.304,1.304,0
16/9/2021,1.312,1.351,1.309,1.331,1.331,0
17/9/2021,1.34,1.386,1.336,1.37,1.37,0
19/9/2021,null,null,null,null,null,null
20/9/2021,1.309,1.338,1.297,1.309,1.309,0
21/9/2021,1.324,1.326,1.306,1.324,1.324,0
22/9/2021,1.336,,,,,
,,,,,,
,,,,,,